subject,group,practice,other_type,prac_acc,final_acc,n,chain,acc_plus,nplus,acc_neg,nneg,prac_and_final,prac_and_not_final,not_prac_and_final,not_prac_and_not_final
17,immediate,C,T,NA,0.0666666666666667,15,1,0,3,0.0833333333333333,12,0,0.2,0.0666666666666667,0.733333333333333
17,immediate,C,NA,NA,0.2,15,2,NA,NA,NA,NA,NA,NA,NA,NA
17,immediate,S,NA,NA,0.6,15,3,NA,NA,NA,NA,NA,NA,NA,NA
17,immediate,T,C,0.2,NA,15,4,NA,3,NA,12,NA,NA,NA,NA
17,immediate,T,NA,0.266666666666667,0.266666666666667,15,5,1,4,0,11,0.266666666666667,0,0,0.733333333333333
18,delay,C,T,NA,0.0666666666666667,15,1,0,2,0.0769230769230769,13,0,0.133333333333333,0.0666666666666667,0.8
18,delay,C,NA,NA,0,15,2,NA,NA,NA,NA,NA,NA,NA,NA
18,delay,S,NA,NA,0.2,15,3,NA,NA,NA,NA,NA,NA,NA,NA
18,delay,T,C,0.133333333333333,NA,15,4,NA,2,NA,13,NA,NA,NA,NA
18,delay,T,NA,0.133333333333333,0.133333333333333,15,5,1,2,0,13,0.133333333333333,0,0,0.866666666666667
19,immediate,C,T,NA,0.933333333333333,15,1,0.928571428571429,14,1,1,NA,NA,NA,NA
19,immediate,C,NA,NA,0.6,15,2,NA,NA,NA,NA,NA,NA,NA,NA
19,immediate,S,NA,NA,1,15,3,NA,NA,NA,NA,NA,NA,NA,NA
19,immediate,T,C,0.933333333333333,NA,15,4,NA,14,NA,1,NA,NA,NA,NA
19,immediate,T,NA,0.733333333333333,0.8,15,5,0.909090909090909,11,0.5,4,NA,NA,NA,NA
20,delay,C,T,NA,0.133333333333333,15,1,0.142857142857143,7,0.125,8,0.0666666666666667,0.4,0.0666666666666667,0.466666666666667
20,delay,C,NA,NA,0.0666666666666667,15,2,NA,NA,NA,NA,NA,NA,NA,NA
20,delay,S,NA,NA,0.466666666666667,15,3,NA,NA,NA,NA,NA,NA,NA,NA
20,delay,T,C,0.466666666666667,NA,15,4,NA,7,NA,8,NA,NA,NA,NA
20,delay,T,NA,0.4,0.466666666666667,15,5,0.833333333333333,6,0.222222222222222,9,0.333333333333333,0.0666666666666667,0.133333333333333,0.466666666666667
27,delay,C,T,NA,0.133333333333333,15,1,0.2,5,0.1,10,0.0666666666666667,0.266666666666667,0.0666666666666667,0.6
27,delay,C,NA,NA,0.2,15,2,NA,NA,NA,NA,NA,NA,NA,NA
27,delay,S,NA,NA,0.266666666666667,15,3,NA,NA,NA,NA,NA,NA,NA,NA
27,delay,T,C,0.333333333333333,NA,15,4,NA,5,NA,10,NA,NA,NA,NA
27,delay,T,NA,0.533333333333333,0.466666666666667,15,5,0.875,8,0,7,0.466666666666667,0.0666666666666667,0,0.466666666666667
28,delay,C,T,NA,0.4,15,1,0.4,10,0.4,5,0.266666666666667,0.4,0.133333333333333,0.2
28,delay,C,NA,NA,0.533333333333333,15,2,NA,NA,NA,NA,NA,NA,NA,NA
28,delay,S,NA,NA,0.8,15,3,NA,NA,NA,NA,NA,NA,NA,NA
28,delay,T,C,0.666666666666667,NA,15,4,NA,10,NA,5,NA,NA,NA,NA
28,delay,T,NA,0.666666666666667,0.533333333333333,15,5,0.8,10,0,5,0.533333333333333,0.133333333333333,0,0.333333333333333
29,immediate,C,T,NA,0.533333333333333,15,1,0.5,4,0.545454545454545,11,0.133333333333333,0.133333333333333,0.4,0.333333333333333
29,immediate,C,NA,NA,0.466666666666667,15,2,NA,NA,NA,NA,NA,NA,NA,NA
29,immediate,S,NA,NA,0.866666666666667,15,3,NA,NA,NA,NA,NA,NA,NA,NA
29,immediate,T,C,0.266666666666667,NA,15,4,NA,4,NA,11,NA,NA,NA,NA
29,immediate,T,NA,0.333333333333333,0.333333333333333,15,5,1,5,0,10,0.333333333333333,0,0,0.666666666666667
30,immediate,C,T,NA,0.733333333333333,15,1,0.666666666666667,9,0.833333333333333,6,0.4,0.2,0.333333333333333,0.0666666666666667
30,immediate,C,NA,NA,0.266666666666667,15,2,NA,NA,NA,NA,NA,NA,NA,NA
30,immediate,S,NA,NA,1,15,3,NA,NA,NA,NA,NA,NA,NA,NA
30,immediate,T,C,0.6,NA,15,4,NA,9,NA,6,NA,NA,NA,NA
30,immediate,T,NA,0.666666666666667,0.533333333333333,15,5,0.8,10,0,5,0.533333333333333,0.133333333333333,0,0.333333333333333
31,delay,C,T,NA,0.2,15,1,0,4,0.272727272727273,11,0,0.266666666666667,0.2,0.533333333333333
31,delay,C,NA,NA,0.333333333333333,15,2,NA,NA,NA,NA,NA,NA,NA,NA
31,delay,S,NA,NA,0.2,15,3,NA,NA,NA,NA,NA,NA,NA,NA
31,delay,T,C,0.266666666666667,NA,15,4,NA,4,NA,11,NA,NA,NA,NA
31,delay,T,NA,0.266666666666667,0.333333333333333,15,5,0.75,4,0.181818181818182,11,0.2,0.0666666666666667,0.133333333333333,0.6
32,delay,C,T,NA,0.4,15,1,0.5,6,0.333333333333333,9,0.2,0.2,0.2,0.4
32,delay,C,NA,NA,0.133333333333333,15,2,NA,NA,NA,NA,NA,NA,NA,NA
32,delay,S,NA,NA,0.666666666666667,15,3,NA,NA,NA,NA,NA,NA,NA,NA
32,delay,T,C,0.4,NA,15,4,NA,6,NA,9,NA,NA,NA,NA
32,delay,T,NA,0.466666666666667,0.466666666666667,15,5,0.857142857142857,7,0.125,8,0.4,0.0666666666666667,0.0666666666666667,0.466666666666667
33,immediate,C,T,NA,0.8,15,1,0.909090909090909,11,0.5,4,0.666666666666667,0.0666666666666667,0.133333333333333,0.133333333333333
33,immediate,C,NA,NA,0.666666666666667,15,2,NA,NA,NA,NA,NA,NA,NA,NA
33,immediate,S,NA,NA,0.933333333333333,15,3,NA,NA,NA,NA,NA,NA,NA,NA
33,immediate,T,C,0.733333333333333,NA,15,4,NA,11,NA,4,NA,NA,NA,NA
33,immediate,T,NA,0.6,0.6,15,5,1,9,0,6,0.6,0,0,0.4
34,delay,C,T,NA,0.6,15,1,0.692307692307692,13,0,2,0.6,0.266666666666667,0,0.133333333333333
34,delay,C,NA,NA,0.333333333333333,15,2,NA,NA,NA,NA,NA,NA,NA,NA
34,delay,S,NA,NA,0.6,15,3,NA,NA,NA,NA,NA,NA,NA,NA
34,delay,T,C,0.866666666666667,NA,15,4,NA,13,NA,2,NA,NA,NA,NA
34,delay,T,NA,0.6,0.6,15,5,1,9,0,6,0.6,0,0,0.4
35,immediate,C,T,NA,0.466666666666667,15,1,0.5,8,0.428571428571429,7,0.266666666666667,0.266666666666667,0.2,0.266666666666667
35,immediate,C,NA,NA,0.333333333333333,15,2,NA,NA,NA,NA,NA,NA,NA,NA
35,immediate,S,NA,NA,0.733333333333333,15,3,NA,NA,NA,NA,NA,NA,NA,NA
35,immediate,T,C,0.533333333333333,NA,15,4,NA,8,NA,7,NA,NA,NA,NA
35,immediate,T,NA,0.533333333333333,0.466666666666667,15,5,0.875,8,0,7,0.466666666666667,0.0666666666666667,0,0.466666666666667
36,delay,C,T,NA,0,15,1,0,2,0,13,0,0.133333333333333,0,0.866666666666667
36,delay,C,NA,NA,0.133333333333333,15,2,NA,NA,NA,NA,NA,NA,NA,NA
36,delay,S,NA,NA,0.2,15,3,NA,NA,NA,NA,NA,NA,NA,NA
36,delay,T,C,0.133333333333333,NA,15,4,NA,2,NA,13,NA,NA,NA,NA
36,delay,T,NA,0.2,0.0666666666666667,15,5,0.333333333333333,3,0,12,0.0666666666666667,0.133333333333333,0,0.8
37,delay,C,T,NA,0.666666666666667,15,1,0.75,12,0.333333333333333,3,0.6,0.2,0.0666666666666667,0.133333333333333
37,delay,C,NA,NA,0.466666666666667,15,2,NA,NA,NA,NA,NA,NA,NA,NA
37,delay,S,NA,NA,0.8,15,3,NA,NA,NA,NA,NA,NA,NA,NA
37,delay,T,C,0.8,NA,15,4,NA,12,NA,3,NA,NA,NA,NA
37,delay,T,NA,0.733333333333333,0.666666666666667,15,5,0.909090909090909,11,0,4,0.666666666666667,0.0666666666666667,0,0.266666666666667
38,delay,C,T,NA,0.133333333333333,15,1,0,4,0.181818181818182,11,0,0.266666666666667,0.133333333333333,0.6
38,delay,C,NA,NA,0.0666666666666667,15,2,NA,NA,NA,NA,NA,NA,NA,NA
38,delay,S,NA,NA,0.4,15,3,NA,NA,NA,NA,NA,NA,NA,NA
38,delay,T,C,0.266666666666667,NA,15,4,NA,4,NA,11,NA,NA,NA,NA
38,delay,T,NA,0.466666666666667,0.4,15,5,0.714285714285714,7,0.125,8,0.333333333333333,0.133333333333333,0.0666666666666667,0.466666666666667
39,delay,C,T,NA,0.266666666666667,15,1,0.5,6,0.111111111111111,9,0.2,0.2,0.0666666666666667,0.533333333333333
39,delay,C,NA,NA,0,15,2,NA,NA,NA,NA,NA,NA,NA,NA
39,delay,S,NA,NA,0.533333333333333,15,3,NA,NA,NA,NA,NA,NA,NA,NA
39,delay,T,C,0.4,NA,15,4,NA,6,NA,9,NA,NA,NA,NA
39,delay,T,NA,0.2,0.2,15,5,1,3,0,12,0.2,0,0,0.8
40,immediate,C,T,NA,0.266666666666667,15,1,0.333333333333333,6,0.222222222222222,9,0.133333333333333,0.266666666666667,0.133333333333333,0.466666666666667
40,immediate,C,NA,NA,0.133333333333333,15,2,NA,NA,NA,NA,NA,NA,NA,NA
40,immediate,S,NA,NA,1,15,3,NA,NA,NA,NA,NA,NA,NA,NA
40,immediate,T,C,0.4,NA,15,4,NA,6,NA,9,NA,NA,NA,NA
40,immediate,T,NA,0.4,0.4,15,5,1,6,0,9,0.4,0,0,0.6
41,immediate,C,T,NA,0.6,15,1,0.714285714285714,7,0.5,8,0.333333333333333,0.133333333333333,0.266666666666667,0.266666666666667
41,immediate,C,NA,NA,0.333333333333333,15,2,NA,NA,NA,NA,NA,NA,NA,NA
41,immediate,S,NA,NA,0.6,15,3,NA,NA,NA,NA,NA,NA,NA,NA
41,immediate,T,C,0.466666666666667,NA,15,4,NA,7,NA,8,NA,NA,NA,NA
41,immediate,T,NA,0.4,0.266666666666667,15,5,0.666666666666667,6,0,9,0.266666666666667,0.133333333333333,0,0.6
42,delay,C,T,NA,0.2,15,1,0.2,10,0.2,5,0.133333333333333,0.533333333333333,0.0666666666666667,0.266666666666667
42,delay,C,NA,NA,0.266666666666667,15,2,NA,NA,NA,NA,NA,NA,NA,NA
42,delay,S,NA,NA,0.6,15,3,NA,NA,NA,NA,NA,NA,NA,NA
42,delay,T,C,0.666666666666667,NA,15,4,NA,10,NA,5,NA,NA,NA,NA
42,delay,T,NA,0.4,0.266666666666667,15,5,0.666666666666667,6,0,9,0.266666666666667,0.133333333333333,0,0.6
43,delay,C,T,NA,0.666666666666667,15,1,0.75,8,0.571428571428571,7,0.4,0.133333333333333,0.266666666666667,0.2
43,delay,C,NA,NA,0.466666666666667,15,2,NA,NA,NA,NA,NA,NA,NA,NA
43,delay,S,NA,NA,0.866666666666667,15,3,NA,NA,NA,NA,NA,NA,NA,NA
43,delay,T,C,0.533333333333333,NA,15,4,NA,8,NA,7,NA,NA,NA,NA
43,delay,T,NA,0.533333333333333,0.533333333333333,15,5,1,8,0,7,0.533333333333333,0,0,0.466666666666667
44,delay,C,T,NA,0,15,1,0,6,0,9,0,0.4,0,0.6
44,delay,C,NA,NA,0.0666666666666667,15,2,NA,NA,NA,NA,NA,NA,NA,NA
44,delay,S,NA,NA,0.133333333333333,15,3,NA,NA,NA,NA,NA,NA,NA,NA
44,delay,T,C,0.4,NA,15,4,NA,6,NA,9,NA,NA,NA,NA
44,delay,T,NA,0.266666666666667,0.2,15,5,0.75,4,0,11,0.2,0.0666666666666667,0,0.733333333333333
45,delay,C,T,NA,0.333333333333333,15,1,0.571428571428571,7,0.125,8,0.266666666666667,0.2,0.0666666666666667,0.466666666666667
45,delay,C,NA,NA,0.266666666666667,15,2,NA,NA,NA,NA,NA,NA,NA,NA
45,delay,S,NA,NA,0.533333333333333,15,3,NA,NA,NA,NA,NA,NA,NA,NA
45,delay,T,C,0.466666666666667,NA,15,4,NA,7,NA,8,NA,NA,NA,NA
45,delay,T,NA,0.6,0.6,15,5,1,9,0,6,0.6,0,0,0.4
47,immediate,C,T,NA,0.8,15,1,0.9,10,0.6,5,0.6,0.0666666666666667,0.2,0.133333333333333
47,immediate,C,NA,NA,0.4,15,2,NA,NA,NA,NA,NA,NA,NA,NA
47,immediate,S,NA,NA,0.8,15,3,NA,NA,NA,NA,NA,NA,NA,NA
47,immediate,T,C,0.666666666666667,NA,15,4,NA,10,NA,5,NA,NA,NA,NA
47,immediate,T,NA,0.733333333333333,0.666666666666667,15,5,0.909090909090909,11,0,4,0.666666666666667,0.0666666666666667,0,0.266666666666667
50,delay,C,T,NA,0.6,15,1,0.642857142857143,14,0,1,0.6,0.333333333333333,0,0.0666666666666667
50,delay,C,NA,NA,0.6,15,2,NA,NA,NA,NA,NA,NA,NA,NA
50,delay,S,NA,NA,0.866666666666667,15,3,NA,NA,NA,NA,NA,NA,NA,NA
50,delay,T,C,0.933333333333333,NA,15,4,NA,14,NA,1,NA,NA,NA,NA
50,delay,T,NA,0.866666666666667,0.866666666666667,15,5,0.923076923076923,13,0.5,2,0.8,0.0666666666666667,0.0666666666666667,0.0666666666666667
51,immediate,C,T,NA,0.266666666666667,15,1,0.75,4,0.0909090909090909,11,0.2,0.0666666666666667,0.0666666666666667,0.666666666666667
51,immediate,C,NA,NA,0.333333333333333,15,2,NA,NA,NA,NA,NA,NA,NA,NA
51,immediate,S,NA,NA,0.533333333333333,15,3,NA,NA,NA,NA,NA,NA,NA,NA
51,immediate,T,C,0.266666666666667,NA,15,4,NA,4,NA,11,NA,NA,NA,NA
51,immediate,T,NA,0.4,0.466666666666667,15,5,1,6,0.111111111111111,9,0.4,0,0.0666666666666667,0.533333333333333
52,delay,C,T,NA,0.4,15,1,0.5,6,0.333333333333333,9,0.2,0.2,0.2,0.4
52,delay,C,NA,NA,0.333333333333333,15,2,NA,NA,NA,NA,NA,NA,NA,NA
52,delay,S,NA,NA,0.6,15,3,NA,NA,NA,NA,NA,NA,NA,NA
52,delay,T,C,0.4,NA,15,4,NA,6,NA,9,NA,NA,NA,NA
52,delay,T,NA,0.666666666666667,0.533333333333333,15,5,0.8,10,0,5,0.533333333333333,0.133333333333333,0,0.333333333333333
53,immediate,C,T,NA,0.266666666666667,15,1,0.333333333333333,6,0.222222222222222,9,0.133333333333333,0.266666666666667,0.133333333333333,0.466666666666667
53,immediate,C,NA,NA,0,15,2,NA,NA,NA,NA,NA,NA,NA,NA
53,immediate,S,NA,NA,0.333333333333333,15,3,NA,NA,NA,NA,NA,NA,NA,NA
53,immediate,T,C,0.4,NA,15,4,NA,6,NA,9,NA,NA,NA,NA
53,immediate,T,NA,0.266666666666667,0.266666666666667,15,5,1,4,0,11,0.266666666666667,0,0,0.733333333333333
54,immediate,C,T,NA,0.533333333333333,15,1,0.625,8,0.428571428571429,7,0.333333333333333,0.2,0.2,0.266666666666667
54,immediate,C,NA,NA,0.466666666666667,15,2,NA,NA,NA,NA,NA,NA,NA,NA
54,immediate,S,NA,NA,0.866666666666667,15,3,NA,NA,NA,NA,NA,NA,NA,NA
54,immediate,T,C,0.533333333333333,NA,15,4,NA,8,NA,7,NA,NA,NA,NA
54,immediate,T,NA,0.866666666666667,0.866666666666667,15,5,1,13,0,2,0.866666666666667,0,0,0.133333333333333
56,delay,C,T,NA,0.6,15,1,0.642857142857143,14,0,1,0.6,0.333333333333333,0,0.0666666666666667
56,delay,C,NA,NA,0.666666666666667,15,2,NA,NA,NA,NA,NA,NA,NA,NA
56,delay,S,NA,NA,0.8,15,3,NA,NA,NA,NA,NA,NA,NA,NA
56,delay,T,C,0.933333333333333,NA,15,4,NA,14,NA,1,NA,NA,NA,NA
56,delay,T,NA,0.933333333333333,0.866666666666667,15,5,0.928571428571429,14,0,1,0.866666666666667,0.0666666666666667,0,0.0666666666666667
57,delay,C,T,NA,0.2,15,1,0.333333333333333,6,0.111111111111111,9,0.133333333333333,0.266666666666667,0.0666666666666667,0.533333333333333
57,delay,C,NA,NA,0.2,15,2,NA,NA,NA,NA,NA,NA,NA,NA
57,delay,S,NA,NA,0.466666666666667,15,3,NA,NA,NA,NA,NA,NA,NA,NA
57,delay,T,C,0.4,NA,15,4,NA,6,NA,9,NA,NA,NA,NA
57,delay,T,NA,0.6,0.6,15,5,1,9,0,6,0.6,0,0,0.4
58,immediate,C,T,NA,0.333333333333333,15,1,0.333333333333333,6,0.333333333333333,9,0.133333333333333,0.266666666666667,0.2,0.4
58,immediate,C,NA,NA,0.6,15,2,NA,NA,NA,NA,NA,NA,NA,NA
58,immediate,S,NA,NA,0.8,15,3,NA,NA,NA,NA,NA,NA,NA,NA
58,immediate,T,C,0.4,NA,15,4,NA,6,NA,9,NA,NA,NA,NA
58,immediate,T,NA,0.533333333333333,0.533333333333333,15,5,1,8,0,7,0.533333333333333,0,0,0.466666666666667
59,immediate,C,T,NA,0.466666666666667,15,1,1,4,0.272727272727273,11,0.266666666666667,0,0.2,0.533333333333333
59,immediate,C,NA,NA,0.4,15,2,NA,NA,NA,NA,NA,NA,NA,NA
59,immediate,S,NA,NA,0.866666666666667,15,3,NA,NA,NA,NA,NA,NA,NA,NA
59,immediate,T,C,0.266666666666667,NA,15,4,NA,4,NA,11,NA,NA,NA,NA
59,immediate,T,NA,0.666666666666667,0.666666666666667,15,5,1,10,0,5,0.666666666666667,0,0,0.333333333333333
60,immediate,C,T,NA,0.8,15,1,1,8,0.571428571428571,7,0.533333333333333,0,0.266666666666667,0.2
60,immediate,C,NA,NA,0.466666666666667,15,2,NA,NA,NA,NA,NA,NA,NA,NA
60,immediate,S,NA,NA,0.666666666666667,15,3,NA,NA,NA,NA,NA,NA,NA,NA
60,immediate,T,C,0.533333333333333,NA,15,4,NA,8,NA,7,NA,NA,NA,NA
60,immediate,T,NA,0.6,0.533333333333333,15,5,0.888888888888889,9,0,6,0.533333333333333,0.0666666666666667,0,0.4
61,delay,C,T,NA,0.266666666666667,15,1,0.444444444444444,9,0,6,0.266666666666667,0.333333333333333,0,0.4
61,delay,C,NA,NA,0.0666666666666667,15,2,NA,NA,NA,NA,NA,NA,NA,NA
61,delay,S,NA,NA,0.6,15,3,NA,NA,NA,NA,NA,NA,NA,NA
61,delay,T,C,0.6,NA,15,4,NA,9,NA,6,NA,NA,NA,NA
61,delay,T,NA,0.6,0.533333333333333,15,5,0.888888888888889,9,0,6,0.533333333333333,0.0666666666666667,0,0.4
62,delay,C,T,NA,0.6,15,1,0.636363636363636,11,0.5,4,0.466666666666667,0.266666666666667,0.133333333333333,0.133333333333333
62,delay,C,NA,NA,0.8,15,2,NA,NA,NA,NA,NA,NA,NA,NA
62,delay,S,NA,NA,0.8,15,3,NA,NA,NA,NA,NA,NA,NA,NA
62,delay,T,C,0.733333333333333,NA,15,4,NA,11,NA,4,NA,NA,NA,NA
62,delay,T,NA,0.933333333333333,0.866666666666667,15,5,0.928571428571429,14,0,1,0.866666666666667,0.0666666666666667,0,0.0666666666666667
63,immediate,C,T,NA,0.333333333333333,15,1,0.444444444444444,9,0.166666666666667,6,0.266666666666667,0.333333333333333,0.0666666666666667,0.333333333333333
63,immediate,C,NA,NA,0.466666666666667,15,2,NA,NA,NA,NA,NA,NA,NA,NA
63,immediate,S,NA,NA,0.933333333333333,15,3,NA,NA,NA,NA,NA,NA,NA,NA
63,immediate,T,C,0.6,NA,15,4,NA,9,NA,6,NA,NA,NA,NA
63,immediate,T,NA,0.466666666666667,0.466666666666667,15,5,1,7,0,8,0.466666666666667,0,0,0.533333333333333
64,delay,C,T,NA,0.533333333333333,15,1,0.5,14,1,1,NA,NA,NA,NA
64,delay,C,NA,NA,0.466666666666667,15,2,NA,NA,NA,NA,NA,NA,NA,NA
64,delay,S,NA,NA,0.666666666666667,15,3,NA,NA,NA,NA,NA,NA,NA,NA
64,delay,T,C,0.933333333333333,NA,15,4,NA,14,NA,1,NA,NA,NA,NA
64,delay,T,NA,0.733333333333333,0.666666666666667,15,5,0.909090909090909,11,0,4,NA,NA,NA,NA
65,immediate,C,T,NA,0.333333333333333,15,1,0.5,6,0.222222222222222,9,0.2,0.2,0.133333333333333,0.466666666666667
65,immediate,C,NA,NA,0.466666666666667,15,2,NA,NA,NA,NA,NA,NA,NA,NA
65,immediate,S,NA,NA,0.666666666666667,15,3,NA,NA,NA,NA,NA,NA,NA,NA
65,immediate,T,C,0.4,NA,15,4,NA,6,NA,9,NA,NA,NA,NA
65,immediate,T,NA,0.4,0.4,15,5,1,6,0,9,0.4,0,0,0.6
66,delay,C,T,NA,0.2,15,1,0.166666666666667,6,0.222222222222222,9,0.0666666666666667,0.333333333333333,0.133333333333333,0.466666666666667
66,delay,C,NA,NA,0.0666666666666667,15,2,NA,NA,NA,NA,NA,NA,NA,NA
66,delay,S,NA,NA,0.4,15,3,NA,NA,NA,NA,NA,NA,NA,NA
66,delay,T,C,0.4,NA,15,4,NA,6,NA,9,NA,NA,NA,NA
66,delay,T,NA,0.333333333333333,0.333333333333333,15,5,1,5,0,10,0.333333333333333,0,0,0.666666666666667
67,delay,C,T,NA,0.133333333333333,15,1,0.25,4,0.0909090909090909,11,0.0666666666666667,0.2,0.0666666666666667,0.666666666666667
67,delay,C,NA,NA,0.0666666666666667,15,2,NA,NA,NA,NA,NA,NA,NA,NA
67,delay,S,NA,NA,0.0666666666666667,15,3,NA,NA,NA,NA,NA,NA,NA,NA
67,delay,T,C,0.266666666666667,NA,15,4,NA,4,NA,11,NA,NA,NA,NA
67,delay,T,NA,0.266666666666667,0.133333333333333,15,5,0.5,4,0,11,0.133333333333333,0.133333333333333,0,0.733333333333333
68,immediate,C,T,NA,1,15,1,1,15,NA,0,NA,NA,NA,NA
68,immediate,C,NA,NA,0.8,15,2,NA,NA,NA,NA,NA,NA,NA,NA
68,immediate,S,NA,NA,1,15,3,NA,NA,NA,NA,NA,NA,NA,NA
68,immediate,T,C,1,NA,15,4,NA,15,NA,0,NA,NA,NA,NA
68,immediate,T,NA,0.933333333333333,0.933333333333333,15,5,1,14,0,1,NA,NA,NA,NA
69,delay,C,T,NA,0.466666666666667,15,1,0.5,12,0.333333333333333,3,0.4,0.4,0.0666666666666667,0.133333333333333
69,delay,C,NA,NA,0.466666666666667,15,2,NA,NA,NA,NA,NA,NA,NA,NA
69,delay,S,NA,NA,0.666666666666667,15,3,NA,NA,NA,NA,NA,NA,NA,NA
69,delay,T,C,0.8,NA,15,4,NA,12,NA,3,NA,NA,NA,NA
69,delay,T,NA,0.6,0.533333333333333,15,5,0.888888888888889,9,0,6,0.533333333333333,0.0666666666666667,0,0.4
70,delay,C,T,NA,0.533333333333333,15,1,0.615384615384615,13,0,2,0.533333333333333,0.333333333333333,0,0.133333333333333
70,delay,C,NA,NA,0.333333333333333,15,2,NA,NA,NA,NA,NA,NA,NA,NA
70,delay,S,NA,NA,0.733333333333333,15,3,NA,NA,NA,NA,NA,NA,NA,NA
70,delay,T,C,0.866666666666667,NA,15,4,NA,13,NA,2,NA,NA,NA,NA
70,delay,T,NA,0.6,0.533333333333333,15,5,0.888888888888889,9,0,6,0.533333333333333,0.0666666666666667,0,0.4
71,delay,C,T,NA,0.133333333333333,15,1,0,2,0.153846153846154,13,0,0.133333333333333,0.133333333333333,0.733333333333333
71,delay,C,NA,NA,0.133333333333333,15,2,NA,NA,NA,NA,NA,NA,NA,NA
71,delay,S,NA,NA,0.266666666666667,15,3,NA,NA,NA,NA,NA,NA,NA,NA
71,delay,T,C,0.133333333333333,NA,15,4,NA,2,NA,13,NA,NA,NA,NA
71,delay,T,NA,0.266666666666667,0.2,15,5,0.75,4,0,11,0.2,0.0666666666666667,0,0.733333333333333
72,immediate,C,T,NA,0.733333333333333,15,1,0.769230769230769,13,0.5,2,0.666666666666667,0.2,0.0666666666666667,0.0666666666666667
72,immediate,C,NA,NA,0.666666666666667,15,2,NA,NA,NA,NA,NA,NA,NA,NA
72,immediate,S,NA,NA,0.866666666666667,15,3,NA,NA,NA,NA,NA,NA,NA,NA
72,immediate,T,C,0.866666666666667,NA,15,4,NA,13,NA,2,NA,NA,NA,NA
72,immediate,T,NA,0.733333333333333,0.8,15,5,1,11,0.25,4,0.733333333333333,0,0.0666666666666667,0.2
73,immediate,C,T,NA,0.933333333333333,15,1,0.9,10,1,5,NA,NA,NA,NA
73,immediate,C,NA,NA,0.333333333333333,15,2,NA,NA,NA,NA,NA,NA,NA,NA
73,immediate,S,NA,NA,0.8,15,3,NA,NA,NA,NA,NA,NA,NA,NA
73,immediate,T,C,0.666666666666667,NA,15,4,NA,10,NA,5,NA,NA,NA,NA
73,immediate,T,NA,0.6,0.6,15,5,1,9,0,6,NA,NA,NA,NA
74,immediate,C,T,NA,0.666666666666667,15,1,0.444444444444444,9,1,6,NA,NA,NA,NA
74,immediate,C,NA,NA,0.6,15,2,NA,NA,NA,NA,NA,NA,NA,NA
74,immediate,S,NA,NA,0.933333333333333,15,3,NA,NA,NA,NA,NA,NA,NA,NA
74,immediate,T,C,0.6,NA,15,4,NA,9,NA,6,NA,NA,NA,NA
74,immediate,T,NA,0.733333333333333,0.733333333333333,15,5,1,11,0,4,NA,NA,NA,NA
75,immediate,C,T,NA,0.6,15,1,0.75,8,0.428571428571429,7,0.4,0.133333333333333,0.2,0.266666666666667
75,immediate,C,NA,NA,0.266666666666667,15,2,NA,NA,NA,NA,NA,NA,NA,NA
75,immediate,S,NA,NA,0.866666666666667,15,3,NA,NA,NA,NA,NA,NA,NA,NA
75,immediate,T,C,0.533333333333333,NA,15,4,NA,8,NA,7,NA,NA,NA,NA
75,immediate,T,NA,0.733333333333333,0.666666666666667,15,5,0.909090909090909,11,0,4,0.666666666666667,0.0666666666666667,0,0.266666666666667
76,immediate,C,T,NA,0.333333333333333,15,1,0.571428571428571,7,0.125,8,0.266666666666667,0.2,0.0666666666666667,0.466666666666667
76,immediate,C,NA,NA,0.2,15,2,NA,NA,NA,NA,NA,NA,NA,NA
76,immediate,S,NA,NA,0.666666666666667,15,3,NA,NA,NA,NA,NA,NA,NA,NA
76,immediate,T,C,0.466666666666667,NA,15,4,NA,7,NA,8,NA,NA,NA,NA
76,immediate,T,NA,0.333333333333333,0.266666666666667,15,5,0.8,5,0,10,0.266666666666667,0.0666666666666667,0,0.666666666666667
77,immediate,C,T,NA,0.4,15,1,0.666666666666667,6,0.222222222222222,9,0.266666666666667,0.133333333333333,0.133333333333333,0.466666666666667
77,immediate,C,NA,NA,0.733333333333333,15,2,NA,NA,NA,NA,NA,NA,NA,NA
77,immediate,S,NA,NA,1,15,3,NA,NA,NA,NA,NA,NA,NA,NA
77,immediate,T,C,0.4,NA,15,4,NA,6,NA,9,NA,NA,NA,NA
77,immediate,T,NA,0.666666666666667,0.6,15,5,0.9,10,0,5,0.6,0.0666666666666667,0,0.333333333333333
78,delay,C,T,NA,0.2,15,1,0.2,10,0.2,5,0.133333333333333,0.533333333333333,0.0666666666666667,0.266666666666667
78,delay,C,NA,NA,0.533333333333333,15,2,NA,NA,NA,NA,NA,NA,NA,NA
78,delay,S,NA,NA,0.733333333333333,15,3,NA,NA,NA,NA,NA,NA,NA,NA
78,delay,T,C,0.666666666666667,NA,15,4,NA,10,NA,5,NA,NA,NA,NA
78,delay,T,NA,0.866666666666667,0.6,15,5,0.692307692307692,13,0,2,0.6,0.266666666666667,0,0.133333333333333
79,immediate,C,T,NA,0.6,15,1,0.333333333333333,9,1,6,NA,NA,NA,NA
79,immediate,C,NA,NA,0.466666666666667,15,2,NA,NA,NA,NA,NA,NA,NA,NA
79,immediate,S,NA,NA,1,15,3,NA,NA,NA,NA,NA,NA,NA,NA
79,immediate,T,C,0.6,NA,15,4,NA,9,NA,6,NA,NA,NA,NA
79,immediate,T,NA,0.733333333333333,0.733333333333333,15,5,1,11,0,4,NA,NA,NA,NA
80,delay,C,T,NA,0.0666666666666667,15,1,0,7,0.125,8,0,0.466666666666667,0.0666666666666667,0.466666666666667
80,delay,C,NA,NA,0.133333333333333,15,2,NA,NA,NA,NA,NA,NA,NA,NA
80,delay,S,NA,NA,0.333333333333333,15,3,NA,NA,NA,NA,NA,NA,NA,NA
80,delay,T,C,0.466666666666667,NA,15,4,NA,7,NA,8,NA,NA,NA,NA
80,delay,T,NA,0.266666666666667,0.2,15,5,0.75,4,0,11,0.2,0.0666666666666667,0,0.733333333333333
81,immediate,C,T,NA,0.8,15,1,0.9,10,0.6,5,0.6,0.0666666666666667,0.2,0.133333333333333
81,immediate,C,NA,NA,0.533333333333333,15,2,NA,NA,NA,NA,NA,NA,NA,NA
81,immediate,S,NA,NA,0.866666666666667,15,3,NA,NA,NA,NA,NA,NA,NA,NA
81,immediate,T,C,0.666666666666667,NA,15,4,NA,10,NA,5,NA,NA,NA,NA
81,immediate,T,NA,0.466666666666667,0.466666666666667,15,5,1,7,0,8,0.466666666666667,0,0,0.533333333333333
82,delay,C,T,NA,0.266666666666667,15,1,0.444444444444444,9,0,6,0.266666666666667,0.333333333333333,0,0.4
82,delay,C,NA,NA,0.333333333333333,15,2,NA,NA,NA,NA,NA,NA,NA,NA
82,delay,S,NA,NA,0.6,15,3,NA,NA,NA,NA,NA,NA,NA,NA
82,delay,T,C,0.6,NA,15,4,NA,9,NA,6,NA,NA,NA,NA
82,delay,T,NA,0.466666666666667,0.4,15,5,0.857142857142857,7,0,8,0.4,0.0666666666666667,0,0.533333333333333
83,immediate,C,T,NA,0.466666666666667,15,1,0.454545454545455,11,0.5,4,0.333333333333333,0.4,0.133333333333333,0.133333333333333
83,immediate,C,NA,NA,0.6,15,2,NA,NA,NA,NA,NA,NA,NA,NA
83,immediate,S,NA,NA,0.8,15,3,NA,NA,NA,NA,NA,NA,NA,NA
83,immediate,T,C,0.733333333333333,NA,15,4,NA,11,NA,4,NA,NA,NA,NA
83,immediate,T,NA,1,1,15,5,1,15,NA,0,1,0,0,0
84,delay,C,T,NA,0.333333333333333,15,1,0.4,5,0.3,10,0.133333333333333,0.2,0.2,0.466666666666667
84,delay,C,NA,NA,0.133333333333333,15,2,NA,NA,NA,NA,NA,NA,NA,NA
84,delay,S,NA,NA,0.533333333333333,15,3,NA,NA,NA,NA,NA,NA,NA,NA
84,delay,T,C,0.333333333333333,NA,15,4,NA,5,NA,10,NA,NA,NA,NA
84,delay,T,NA,0.6,0.4,15,5,0.555555555555556,9,0.166666666666667,6,0.333333333333333,0.266666666666667,0.0666666666666667,0.333333333333333
85,delay,C,T,NA,0.6,15,1,0.538461538461538,13,1,2,NA,NA,NA,NA
85,delay,C,NA,NA,0.533333333333333,15,2,NA,NA,NA,NA,NA,NA,NA,NA
85,delay,S,NA,NA,0.933333333333333,15,3,NA,NA,NA,NA,NA,NA,NA,NA
85,delay,T,C,0.866666666666667,NA,15,4,NA,13,NA,2,NA,NA,NA,NA
85,delay,T,NA,0.866666666666667,0.8,15,5,0.923076923076923,13,0,2,NA,NA,NA,NA
86,immediate,C,T,NA,0.4,15,1,0.571428571428571,7,0.25,8,0.266666666666667,0.2,0.133333333333333,0.4
86,immediate,C,NA,NA,0.266666666666667,15,2,NA,NA,NA,NA,NA,NA,NA,NA
86,immediate,S,NA,NA,0.733333333333333,15,3,NA,NA,NA,NA,NA,NA,NA,NA
86,immediate,T,C,0.466666666666667,NA,15,4,NA,7,NA,8,NA,NA,NA,NA
86,immediate,T,NA,0.333333333333333,0.266666666666667,15,5,0.8,5,0,10,0.266666666666667,0.0666666666666667,0,0.666666666666667
87,immediate,C,T,NA,0.466666666666667,15,1,0.444444444444444,9,0.5,6,0.266666666666667,0.333333333333333,0.2,0.2
87,immediate,C,NA,NA,0.6,15,2,NA,NA,NA,NA,NA,NA,NA,NA
87,immediate,S,NA,NA,0.866666666666667,15,3,NA,NA,NA,NA,NA,NA,NA,NA
87,immediate,T,C,0.6,NA,15,4,NA,9,NA,6,NA,NA,NA,NA
87,immediate,T,NA,0.4,0.4,15,5,1,6,0,9,0.4,0,0,0.6
88,immediate,C,T,NA,0.933333333333333,15,1,0.928571428571429,14,1,1,NA,NA,NA,NA
88,immediate,C,NA,NA,0.933333333333333,15,2,NA,NA,NA,NA,NA,NA,NA,NA
88,immediate,S,NA,NA,0.866666666666667,15,3,NA,NA,NA,NA,NA,NA,NA,NA
88,immediate,T,C,0.933333333333333,NA,15,4,NA,14,NA,1,NA,NA,NA,NA
88,immediate,T,NA,1,1,15,5,1,15,NA,0,NA,NA,NA,NA
89,delay,C,T,NA,0.6,15,1,0.7,10,0.4,5,0.466666666666667,0.2,0.133333333333333,0.2
89,delay,C,NA,NA,0.466666666666667,15,2,NA,NA,NA,NA,NA,NA,NA,NA
89,delay,S,NA,NA,0.733333333333333,15,3,NA,NA,NA,NA,NA,NA,NA,NA
89,delay,T,C,0.666666666666667,NA,15,4,NA,10,NA,5,NA,NA,NA,NA
89,delay,T,NA,0.866666666666667,0.8,15,5,0.923076923076923,13,0,2,0.8,0.0666666666666667,0,0.133333333333333
